{"cameraMode":{"drawMode":0,"name":"Shaded","section":"Shading Mode"},"sceneLighting":true,"audioPlay":false,"sceneViewState":{"m_AlwaysRefresh":false,"showFog":true,"showSkybox":true,"showFlares":true,"showImageEffects":true,"showParticleSystems":true,"showVisualEffectGraphs":true,"m_FxEnabled":true},"in2DMode":false,"pivot":{"x":-0.08920049667358399,"y":0.2527589797973633,"z":0.05058308318257332},"rotation":{"x":0.11221297830343247,"y":-0.029805609956383706,"z":0.003366549964994192,"w":0.9932363033294678},"size":0.7284030318260193,"orthographic":true}